{"val_loss_history":[0.31880196964122],"val_loss_history_it":[1000],"forward_backward_times":{},"opt":{"max_epochs":50,"checkpoint_every":1000,"batch_size":50,"memory_benchmark":0,"lr_decay_factor":0.5,"model_type":"lstm","print_every":1,"lr_decay_every":5,"seq_length":50,"input_json":"data\/weathergovMonolith.json","num_layers":2,"input_h5":"data\/weathergovMonolith.h5","grad_clip":5,"rnn_size":512,"checkpoint_name":"cv\/checkpoint","dropout":0,"batchnorm":0,"learning_rate":0.002,"gpu_backend":"cuda","wordvec_size":64,"speed_benchmark":0,"gpu":0},"train_loss_history":[4.1001791954041,3.492684841156,3.0275933742523,3.0093648433685,2.8544511795044,2.7728559970856,2.7274141311646,2.6942803859711,2.6562180519104,2.6742005348206,2.597421169281,2.6844005584717,2.5923299789429,2.5204675197601,2.5217318534851,2.4292922019958,2.4757072925568,2.4170498847961,2.2979800701141,2.3239073753357,2.4112617969513,2.3509964942932,2.2287480831146,2.20281457901,2.0744948387146,1.9347339868546,2.063333272934,2.0234699249268,1.8926974534988,1.7651054859161,1.9229472875595,1.7718756198883,1.7340589761734,1.6607435941696,1.5346693992615,1.5865285396576,1.6035363674164,1.4364451169968,1.3337345123291,1.2673890590668,1.3257820606232,1.2662811279297,1.1704963445663,1.2977108955383,1.1385651826859,1.0472052097321,1.0588176250458,0.93771994113922,0.86981594562531,0.80125361680984,0.88952481746674,0.75869202613831,0.87759572267532,0.83311748504639,0.82936638593674,0.73876798152924,0.74398082494736,0.85867470502853,0.67815834283829,0.66341698169708,0.64950567483902,0.59503364562988,0.57328259944916,0.63820934295654,0.66246026754379,0.58630567789078,0.5162952542305,0.51120626926422,0.55594354867935,0.48924085497856,0.50817281007767,0.51309192180634,0.57496577501297,0.43628740310669,0.38972961902618,0.39956957101822,0.41102832555771,0.40999209880829,0.38184028863907,0.46693414449692,0.4360565841198,0.45316669344902,0.40226250886917,0.41101112961769,0.48429214954376,0.45622417330742,0.40557840466499,0.39492750167847,0.35248556733131,0.39686703681946,0.41054135560989,0.3482469022274,0.34117552638054,0.41710019111633,0.32548299431801,0.38670149445534,0.32614094018936,0.45733231306076,0.38255047798157,0.36579337716103,0.36243835091591,0.32197588682175,0.3106507062912,0.3453608751297,0.29478904604912,0.27332493662834,0.30325344204903,0.45203012228012,0.33671629428864,0.30275869369507,0.35799252986908,0.35129931569099,0.28534513711929,0.28546819090843,0.31008249521255,0.3039970099926,0.30875194072723,0.30294793844223,0.28405773639679,0.40921187400818,0.40540710091591,0.27764564752579,0.33187198638916,0.33053222298622,0.2821349799633,0.33668619394302,0.26044219732285,0.31136700510979,0.3292398750782,0.32464537024498,0.36615854501724,0.26160109043121,0.27115345001221,0.27814200520515,0.33391883969307,0.30401587486267,0.32196390628815,0.2978218793869,0.3022358417511,0.30273988842964,0.28526082634926,0.32341021299362,0.36002889275551,0.27546495199203,0.27435261011124,0.2885814011097,0.3382768034935,0.2743721306324,0.29561993479729,0.29473423957825,0.27859708666801,0.30345672369003,0.29547739028931,0.29328608512878,0.27075296640396,0.25556609034538,0.26148965954781,0.26369282603264,0.2697696685791,0.26229459047318,0.27099505066872,0.30274078249931,0.29112577438354,0.2667270898819,0.27826353907585,0.27865797281265,0.26513233780861,0.24814955890179,0.24353784322739,0.24069033563137,0.30701354146004,0.26972010731697,0.22605177760124,0.27424809336662,0.37807610630989,0.2832624912262,0.25300049781799,0.24798350036144,0.26639086008072,0.43082132935524,0.46472430229187,0.42682114243507,0.43266928195953,0.3718778192997,0.38842388987541,0.35343614220619,0.31948900222778,0.35579726099968,0.33533754944801,0.32382452487946,0.49303013086319,0.29206115007401,0.30420127511024,0.30475553870201,0.27227473258972,0.27889522910118,0.30018571019173,0.29415878653526,0.25381577014923,0.30511978268623,0.27555632591248,0.25175628066063,0.28150275349617,0.23200502991676,0.25312000513077,0.29710251092911,0.27498114109039,0.24188137054443,0.24642123281956,0.24954257905483,0.25661644339561,0.27302938699722,0.27488061785698,0.22797685861588,0.23894436657429,0.24117587506771,0.22730872035027,0.2182504683733,0.28412854671478,0.25533226132393,0.27363976836205,0.21762493252754,0.24081505835056,0.24218720197678,0.23985983431339,0.25117361545563,0.23795625567436,0.22749271988869,0.24418395757675,0.2496176213026,0.26362863183022,0.21716201305389,0.21218658983707,0.25181943178177,0.2369882017374,0.22173568606377,0.23092636466026,0.22097572684288,0.22475171089172,0.24020126461983,0.23865161836147,0.25389927625656,0.22357082366943,0.22360922396183,0.21456894278526,0.21648974716663,0.22912482917309,0.20561496913433,0.23991057276726,0.22471052408218,0.27771973609924,0.2661580145359,0.22807216644287,0.21656918525696,0.22343830764294,0.21211655437946,0.20223787426949,0.22317481040955,0.24750684201717,0.21142436563969,0.23218286037445,0.21314379572868,0.22880607843399,0.21754015982151,0.22389958798885,0.21307609975338,0.21892155706882,0.19958101212978,0.20709522068501,0.21445332467556,0.21481522917747,0.2287619560957,0.21729777753353,0.21413327753544,0.21512119472027,0.20413501560688,0.21275964379311,0.22904431819916,0.20753927528858,0.21739962697029,0.20529595017433,0.20264740288258,0.20882707834244,0.32139122486115,0.2018505781889,0.27105844020844,0.22122371196747,0.2217925786972,0.22040666639805,0.20587338507175,0.2059780806303,0.19111853837967,0.23274521529675,0.20627588033676,0.19789227843285,0.22583681344986,0.20467373728752,0.21371322870255,0.20590454339981,0.21540002524853,0.20426873862743,0.21894636750221,0.26359409093857,0.21901719272137,0.21804201602936,0.22253903746605,0.21943210065365,0.20122058689594,0.22649228572845,0.21390075981617,0.20543032884598,0.20521299540997,0.31995394825935,0.42116114497185,0.33408614993095,0.31794172525406,0.28408500552177,0.30425983667374,0.29917362332344,0.30158638954163,0.28237408399582,0.26077681779861,0.28538799285889,0.2586418390274,0.23162722587585,0.26058152318001,0.25034832954407,0.28669819235802,0.24717216193676,0.23829619586468,0.23057080805302,0.24174576997757,0.26230132579803,0.2271636724472,0.21667028963566,0.2242983430624,0.2255502641201,0.1961512118578,0.24314849078655,0.24815513193607,0.23557959496975,0.37596252560616,0.41918569803238,0.32262393832207,0.27957370877266,0.27397203445435,0.33760380744934,0.27406340837479,0.29038542509079,0.21738286316395,0.26437371969223,0.28428938984871,0.27554678916931,0.27591988444328,0.25429993867874,0.24464106559753,0.22387087345123,0.2228717058897,0.25170689821243,0.2348715364933,0.23549783229828,0.23411835730076,0.2114427536726,0.23936252295971,0.2053769081831,0.24873991310596,0.24789486825466,0.21307751536369,0.21359184384346,0.20906953513622,0.24959608912468,0.22661052644253,0.24157844483852,0.22195625305176,0.23737353086472,0.23852810263634,0.19783212244511,0.22401742637157,0.21634648740292,0.19823418557644,0.33658841252327,0.42729651927948,0.39880949258804,0.34776949882507,0.32652127742767,0.32830980420113,0.27791824936867,0.33996006846428,0.29771357774734,0.28491151332855,0.28506824374199,0.27099549770355,0.29425570368767,0.24931500852108,0.24537615478039,0.25734779238701,0.27580025792122,0.25008395314217,0.25568461418152,0.25776624679565,0.27386549115181,0.36768969893456,0.26893427968025,0.30869737267494,0.28484696149826,0.24480749666691,0.25168716907501,0.28046956658363,0.24229751527309,0.25054943561554,0.23586155474186,0.25361111760139,0.3841980099678,0.37075489759445,0.36648216843605,0.40915548801422,0.28652200102806,0.34983885288239,0.33492049574852,0.31728997826576,0.31089979410172,0.27819412946701,0.26664209365845,0.25746241211891,0.24471253156662,0.23040136694908,0.25893077254295,0.23375849425793,0.23452660441399,0.22387239336967,0.20916198194027,0.25284549593925,0.25653871893883,0.21953952312469,0.22781896591187,0.24820883572102,0.22480319440365,0.21765051782131,0.20862717926502,0.21053855121136,0.20340530574322,